TeamName,Win Probability
Fulham,0.32166
Liverpool,0.5928599999999999
Cardiff,0.51214
Brighton,0.74739
West Ham,0.22621999999999998
Newcastle,0.51137
Leicester,0.81939
Tottenham,0.3795
Man United,0.8159299999999999
Bournemouth,0.40473000000000003
Huddersfield,0.74987
Crystal Palace,0.62054
Watford,0.87824
Southampton,0.73481
Wolves,0.22086
Arsenal,0.60659
Chelsea,0.90676
Everton,0.78106
Man City,0.94352
