TeamName,Win Probability
Fulham,0.30145
Liverpool,0.50467
Brighton,0.5142800000000001
West Ham,0.94582
Newcastle,0.2225
Leicester,0.36756
Burnley,0.7481800000000001
Tottenham,0.38097000000000003
Man United,0.97591
Bournemouth,0.13569
Huddersfield,1.0
Crystal Palace,0.5119400000000001
Watford,0.80765
Southampton,0.6533599999999999
Wolves,0.26843
Arsenal,0.60295
Chelsea,0.77864
Everton,0.38011
Man City,0.29894
