TeamName,Win Probability
Fulham,0.29895000000000005
Liverpool,0.5099899999999999
Brighton,0.51079
West Ham,0.94438
Newcastle,0.22302
Leicester,0.37015
Burnley,0.7484500000000001
Tottenham,0.37998000000000004
Man United,0.97543
Bournemouth,0.13468
Huddersfield,1.0
Crystal Palace,0.5095700000000001
Watford,0.80816
Southampton,0.65253
Wolves,0.26932999999999996
Arsenal,0.60286
Chelsea,0.77979
Everton,0.38232
Man City,0.30164
