TeamName,Win Probability
Fulham,0.5132300000000001
Liverpool,0.37736000000000003
Cardiff,0.40449999999999997
Brighton,0.81657
West Ham,1.0
Newcastle,0.62157
Leicester,0.60397
Burnley,0.22333999999999998
Tottenham,0.9441900000000001
Man United,0.62038
Bournemouth,0.04859
Huddersfield,0.40542
Crystal Palace,0.7484200000000001
Watford,0.39329000000000003
Southampton,1.0
Wolves,0.51173
Arsenal,0.30078000000000005
Everton,1.0
Man City,1.0
