TeamName,Win Probability
Liverpool,0.74773
Cardiff,0.8699399999999999
Brighton,0.7551000000000001
West Ham,0.62128
Newcastle,0.13675
Leicester,0.82014
Burnley,0.8332400000000001
Tottenham,0.70931
Man United,0.60103
Bournemouth,1.0
Huddersfield,1.0
Crystal Palace,0.65299
Watford,0.8683700000000001
Southampton,0.86794
Wolves,0.81979
Arsenal,0.5042599999999999
Chelsea,0.7456
Everton,1.0
Man City,0.7464500000000001
