TeamName,Win Probability
Fulham,0.36299
Liverpool,0.94482
Cardiff,1.0
Brighton,0.6550199999999999
West Ham,0.68419
Newcastle,0.8177300000000001
Leicester,0.50471
Burnley,0.51034
Tottenham,0.8183600000000001
Man United,0.39237999999999995
Bournemouth,0.75017
Crystal Palace,0.8183100000000001
Watford,0.81952
Southampton,0.39429000000000003
Wolves,0.53264
Arsenal,0.6521699999999999
Chelsea,0.77951
Everton,0.5275799999999999
Man City,0.75438
