TeamName,Win Probability
Fulham,0.36973
Liverpool,0.9452499999999999
Cardiff,1.0
Brighton,0.6523300000000001
West Ham,0.68377
Newcastle,0.81913
Leicester,0.50597
Burnley,0.51173
Tottenham,0.81687
Man United,0.39343
Bournemouth,0.7495499999999999
Crystal Palace,0.8192200000000001
Watford,0.8181999999999999
Southampton,0.39458
Wolves,0.5323
Arsenal,0.6524099999999999
Chelsea,0.7809200000000001
Everton,0.52771
Man City,0.7543599999999999
