TeamName,Win Probability
Fulham,0.39283
Liverpool,0.74744
Cardiff,1.0
Brighton,0.7464900000000001
West Ham,0.62019
Newcastle,1.0
Burnley,0.5302199999999999
Tottenham,0.62123
Man United,0.6567000000000001
Bournemouth,0.22573
Huddersfield,0.6824300000000001
Crystal Palace,0.39351
Watford,0.27040000000000003
Southampton,0.8162999999999999
Wolves,0.31884
Arsenal,0.13158999999999998
Chelsea,1.0
Everton,0.87768
Man City,0.8786799999999999
