TeamName,Win Probability
Brighton,0.81559
Aston Villa,0.39674
Norwich,0.8170999999999999
Sheffield United,0.82063
West Ham,0.50764
Newcastle,0.9052499999999999
Leicester,0.30008
Burnley,0.05005
Tottenham,0.65733
Bournemouth,0.39280000000000004
Man United,0.8773799999999999
Crystal Palace,0.39347
Watford,1.0
Southampton,0.8685499999999999
Wolves,0.65149
Arsenal,0.90692
Chelsea,0.39505
Everton,0.91371
Man City,0.90706
