TeamName,Win Probability
Fulham,0.51332
Cardiff,0.7095899999999999
Brighton,0.73106
West Ham,0.94527
Newcastle,0.3215
Leicester,0.51005
Burnley,0.59189
Tottenham,0.6199
Man United,0.37833
Bournemouth,0.7111799999999999
Huddersfield,0.18797999999999998
Crystal Palace,0.50434
Watford,0.40506
Southampton,0.7083999999999999
Wolves,0.6515500000000001
Arsenal,0.22489
Chelsea,0.87942
Everton,1.0
Man City,0.8177099999999999
