TeamName,Win Probability
Liverpool,0.22497
Brighton,0.01844
Aston Villa,0.7522800000000001
Norwich,0.41385
Sheffield United,0.8192699999999999
West Ham,0.86959
Newcastle,0.60371
Leicester,0.5114799999999999
Burnley,0.95318
Tottenham,0.39613
Bournemouth,0.9062399999999999
Man United,0.51069
Crystal Palace,0.8185100000000001
Watford,3.4E-4
Southampton,0.39399
Wolves,0.5087200000000001
Arsenal,1.0
Chelsea,0.81853
Everton,0.70878
