TeamName,Win Probability
Fulham,0.51205
Liverpool,0.5293300000000001
Cardiff,0.86783
Brighton,0.71147
West Ham,0.91852
Newcastle,0.39295
Leicester,0.3807
Burnley,0.19084
Tottenham,0.73207
Man United,0.62195
Bournemouth,0.51224
Huddersfield,0.41251
Crystal Palace,0.31886
Watford,0.5053799999999999
Southampton,0.33525000000000005
Wolves,0.26886
Arsenal,0.6226
Chelsea,0.01821
Everton,0.6226400000000001
