TeamName,Win Probability
Fulham,0.6055699999999999
Liverpool,0.8790899999999999
Cardiff,0.093
Brighton,0.77743
West Ham,0.86834
Newcastle,0.50691
Leicester,0.65236
Burnley,0.39324000000000003
Tottenham,0.13447
Bournemouth,0.77766
Huddersfield,0.8168500000000001
Crystal Palace,0.37718
Watford,0.62147
Southampton,0.68415
Wolves,0.7465200000000001
Arsenal,0.81689
Chelsea,0.6212
Everton,0.96283
Man City,0.6208
