TeamName,Win Probability
Liverpool,0.52957
Brighton,0.81902
Aston Villa,0.13527
Norwich,0.6558900000000001
West Ham,0.53005
Newcastle,1.0
Leicester,0.81823
Burnley,0.0492
Tottenham,0.65352
Bournemouth,0.5116700000000001
Man United,0.5831500000000001
Crystal Palace,0.7322
Watford,0.73356
Southampton,1.0
Wolves,0.6538900000000001
Arsenal,0.52805
Chelsea,0.6018600000000001
Everton,1.0
Man City,0.5302100000000001
