TeamName,Win Probability
Fulham,0.29701
Liverpool,0.5066200000000001
Cardiff,0.6528499999999999
Brighton,0.5138100000000001
West Ham,0.81855
Newcastle,0.38253
Leicester,0.39614
Burnley,0.73177
Tottenham,0.8673299999999999
Man United,0.5048900000000001
Bournemouth,0.6232500000000001
Huddersfield,0.81762
Crystal Palace,0.37655
Watford,0.65313
Wolves,0.18946
Arsenal,0.29946
Chelsea,0.22637
Everton,0.8163
Man City,0.80772
