TeamName,Win Probability
Liverpool,0.65484
Brighton,0.94483
Aston Villa,0.68418
Norwich,0.7101200000000001
Sheffield United,0.65498
West Ham,0.7547200000000001
Newcastle,0.36493
Leicester,0.81763
Burnley,0.13144
Bournemouth,0.41381
Man United,0.81812
Crystal Palace,0.01825
Watford,0.7296400000000001
Southampton,0.87882
Wolves,0.40310999999999997
Arsenal,0.60517
Chelsea,0.5146299999999999
Everton,0.6532
Man City,0.81667
