TeamName,Win Probability
Fulham,0.30186999999999997
Liverpool,0.77802
Cardiff,0.33777
Brighton,1.0
West Ham,0.13214
Newcastle,0.5284800000000001
Leicester,0.91661
Burnley,0.37995999999999996
Tottenham,0.81656
Man United,0.6222
Bournemouth,0.8769100000000001
Huddersfield,0.39175
Crystal Palace,0.6235299999999999
Southampton,0.65518
Wolves,0.2693
Arsenal,0.81867
Chelsea,0.81694
Everton,0.7485999999999999
Man City,0.7087600000000001
