TeamName,Win Probability
Fulham,0.6191599999999999
Liverpool,0.18865
Cardiff,0.19029000000000001
Brighton,0.74936
Newcastle,0.74611
Leicester,0.6243299999999999
Burnley,0.90602
Tottenham,1.0
Man United,0.29991
Bournemouth,0.5100899999999999
Huddersfield,0.50637
Crystal Palace,0.7076
Watford,0.9634199999999999
Southampton,0.39424000000000003
Wolves,0.38077000000000005
Arsenal,0.26852
Chelsea,0.36523
Everton,0.9445399999999999
Man City,0.27052
