TeamName,Win Probability
Liverpool,0.70926
Brighton,0.6022799999999999
Aston Villa,1.0
Norwich,1.0
Sheffield United,0.8181799999999999
Newcastle,0.4151
Leicester,0.7812399999999999
Burnley,1.0
Tottenham,0.4133
Bournemouth,0.90622
Man United,1.0
Crystal Palace,0.6195900000000001
Watford,0.22666000000000003
Southampton,0.7479199999999999
Wolves,1.0
Arsenal,0.5097400000000001
Chelsea,0.36454
Everton,0.87867
Man City,0.2982
