TeamName,Win Probability
Liverpool,0.65593
Brighton,0.6531899999999999
Aston Villa,0.39479
Norwich,0.39463000000000004
Sheffield United,0.65369
West Ham,0.13524
Newcastle,0.65636
Leicester,1.0
Burnley,0.6540999999999999
Tottenham,0.77917
Bournemouth,0.81741
Man United,0.73285
Crystal Palace,0.6528
Watford,0.26936000000000004
Southampton,0.70915
Arsenal,0.65398
Chelsea,0.91379
Everton,0.41632
Man City,0.70902
