TeamName,Win Probability
Fulham,0.52913
Liverpool,0.65376
Cardiff,0.9171900000000001
Brighton,1.0
West Ham,0.8773599999999999
Newcastle,0.7477499999999999
Leicester,0.8348
Burnley,1.0
Tottenham,0.32218
Man United,0.5120899999999999
Bournemouth,0.37965000000000004
Huddersfield,0.8197300000000001
Crystal Palace,0.2271
Watford,0.9172
Southampton,0.94489
Arsenal,0.81776
Chelsea,0.7476799999999999
Everton,0.40658
Man City,0.91773
